NAICS Code,Business Type,Q1 1992,Q2 1992,Q3 1992,Q4 1992,Q1 1993,Q2 1993,Q3 1993,Q4 1993,Q1 1994,Q2 1994,Q3 1994,Q4 1994,Q1 1995,Q2 1995,Q3 1995,Q4 1995,Q1 1996,Q2 1996,Q3 1996,Q4 1996,Q1 1997,Q2 1997,Q3 1997,Q4 1997,Q1 1998,Q2 1998,Q3 1998,Q4 1998,Q1 1999,Q2 1999,Q3 1999,Q4 1999,Q1 2000,Q2 2000,Q3 2000,Q4 2000,Q1 2001,Q2 2001,Q3 2001,Q4 2001,Q1 2002,Q2 2002,Q3 2002,Q4 2002,Q1 2003,Q2 2003,Q3 2003,Q4 2003,Q1 2004,Q2 2004,Q3 2004,Q4 2004,Q1 2005,Q2 2005,Q3 2005,Q4 2005,Q1 2006,Q2 2006,Q3 2006,Q4 2006,Q1 2007,Q2 2007,Q3 2007,Q4 2007,Q1 2008,Q2 2008,Q3 2008,Q4 2008,Q1 2009,Q2 2009,Q3 2009,Q4 2009,Q1 2010,Q2 2010,Q3 2010,Q4 2010,Q1 2011,Q2 2011,Q3 2011,Q4 2011,Q1 2012,Q2 2012,Q3 2012,Q4 2012,Q1 2013,Q2 2013,Q3 2013,Q4 2013,Q1 2014,Q2 2014,Q3 2014,Q4 2014,Q1 2015,Q2 2015,Q3 2015,Q4 2015,Q1 2016,Q2 2016,Q3 2016,Q4 2016,Q1 2017,Q2 2017,Q3 2017,Q4 2017,Q1 2018,Q2 2018,Q3 2018,Q4 2018,Q1 2019,Q2 2019,Q3 2019,Q4 2019,Q1 2020,Q2 2020,Q3 2020,Q4 2020,Q1 2021,Q2 2021,Q3 2021,Q4 2021,Q1 2022,Q2 2022,Q3 2022,Q4 2022,Q1 2023,Q2 2023,Q3 2023
441,Motor vehicle and parts dealers,96164,110931,109133,102165,104245,125440,124958,118273,124500,143959,140408,132274,133545,155566,152274,138330,150070,167160,161673,148604,156186,171708,171402,154521,160296,187092,174142,166885,177319,202057,202371,182457,200732,212038,204945,178495,192179,214359,203314,205727,193273,214013,221141,190384,195019,223748,226262,196559,205038,226098,228794,206442,209490,241374,238342,199101,215943,238296,236886,208872,219791,242272,237200,210876,211487,219291,199842,155245,157232,173193,180605,160742,169140,194311,194734,184728,195624,209020,207429,200865,213754,229241,227285,216214,226282,251379,251045,233476,237143,269420,268899,251553,256396,288124,289147,270298,272399,295395,300059,284526,280990,305588,306978,292140,287485,313363,308242,295806,288603,320150,322440,305265,267856,282927,334277,323135,342127,409932,372704,359345,371990,402048,388828,367259,378963,416967,412250
"4411,4412",Automobile and other motor vehicle dealers,86675,100097,98223,91475,94308,113889,112944,106965,113312,131325,127418,119846,121823,142198,138630,125161,137322,152864,147240,134517,142793,156635,155877,139968,146436,171577,158478,151925,163064,185926,185901,166664,185553,195579,188315,163324,178034,198323,187296,190834,178774,197686,204586,175143,180326,207220,209271,180555,189260,208981,211488,189860,193030,223317,220246,181649,198681,219822,218095,191124,202302,223037,217836,192229,193695,199564,179951,136337,139367,153840,161555,142784,151585,174336,174141,164912,176636,187777,185356,180205,193381,207739,205647,195592,206266,229620,228897,211870,216316,247193,246679,230019,235251,264640,265458,247719,249987,271763,276394,261582,258674,281615,282970,268994,264905,289009,283751,272284,265755,295169,297449,281309,245657,258214,307619,298649,316610,380718,343388,330113,342866,370137,356455,335898,348054,382515,377401
4411,Automobile dealers,83026,94476,93289,87653,89990,107135,107119,102882,108861,123760,121086,114393,116402,133879,131270,120133,131643,144063,139408,128835,136253,147200,147475,133730,139233,160752,148894,144622,154745,173343,175444,158288,175056,181387,176934,154405,168156,183054,175204,181262,167881,181837,191489,165475,169406,189842,194118,168894,175732,189168,195344,177830,178955,201603,203061,169452,183929,197993,200843,178033,187518,200776,199898,179211,179385,179036,164178,126906,129472,139699,149122,133703,142123,160287,162607,156163,166941,173502,173156,170906,182117,192136,192614,185911,194877,211984,213830,201236,203720,228154,230521,218895,221929,244521,248440,234830,235213,250387,258274,248645,243467,258297,263742,255081,248997,265317,263621,257664,249254,271347,277102,266682,230022,231262,282369,279561,293772,347591,316041,307231,315335,336305,326653,315114,324258,350472,349576
44111,New car dealers,77115,87497,86935,82254,83243,99869,100180,96230,101561,115571,112306,106223,107564,124398,121110,111570,121275,132919,129105,119041,124953,134975,135804,123240,126875,147273,135745,132666,141112,158522,161148,145385,159914,166399,161996,141814,153232,167504,160865,167812,152641,166036,175863,151219,152843,173360,178086,154916,159086,172174,178077,161216,160070,183594,184878,153405,164864,178363,181615,160780,167528,180006,179216,160957,158368,158760,146004,112461,111823,122951,132702,119089,124116,142278,144165,138914,146009,154336,154419,154024,160743,172000,172583,167224,171395,190236,193104,182496,180681,204898,206907,196722,195439,217907,223287,212061,206705,223284,231225,223008,213890,229081,234852,228664,218384,235237,234040,230666,217694,239476,246454,238741,201845,203732,248859,250933,256644,302603,273193,266204,273145,291921,283789,278749,280344,305107,306010
44112,Used car dealers,5911,6979,6354,5399,6747,7266,6939,6652,7300,8189,8780,8170,8838,9481,10160,8563,10368,11144,10303,9794,11300,12225,11671,10490,12358,13479,13149,11956,13633,14821,14296,12903,15142,14988,14938,12591,14924,15550,14339,13450,15240,15801,15626,14256,16563,16482,16032,13978,16646,16994,17267,16614,18885,18009,18183,16047,19065,19630,19228,17253,19990,20770,20682,18254,21017,20276,18174,14445,17649,16748,16420,14614,18007,18009,18442,17249,20932,19166,18737,16882,21374,20136,20031,18687,23482,21748,20726,18740,23039,23256,23614,22173,26490,26614,25153,22769,28508,27103,27049,25637,29577,29216,28890,26417,30613,30080,29581,26998,31560,31871,30648,27941,28177,27530,33510,28628,37128,44988,42848,41027,42190,44384,42864,36365,43914,45365,43566
4413,"Automotive parts, acc., and tire stores",9489,10834,10910,10690,9937,11551,12014,11308,11188,12634,12990,12428,11722,13368,13644,13169,12748,14296,14433,14087,13393,15073,15525,14553,13860,15515,15664,14960,14255,16131,16470,15793,15179,16459,16630,15171,14145,16036,16018,14893,14499,16327,16555,15241,14693,16528,16991,16004,15778,17117,17306,16582,16460,18057,18096,17452,17262,18474,18791,17748,17489,19235,19364,18647,17792,19727,19891,18908,17865,19353,19050,17958,17555,19975,20593,19816,18988,21243,22073,20660,20373,21502,21638,20622,20016,21759,22148,21606,20827,22227,22220,21534,21145,23484,23689,22579,22412,23632,23665,22944,22316,23973,24008,23146,22580,24354,24491,23522,22848,24981,24991,23956,22199,24713,26658,24486,25517,29214,29316,29232,29124,31911,32373,31361,30909,34452,34849
"442,443","Furniture, home furn, electronics, and appliance stores",22727,23659,24723,29918,24380,25806,27282,33120,26548,28748,30872,38618,30202,31351,33414,40882,32464,33818,35240,42245,33510,35036,37125,44701,36453,37212,39345,47133,38433,39698,42397,51129,42965,42898,44332,51397,42004,41437,43009,53527,43287,43520,44702,54137,41988,43593,46760,57245,46460,46837,49980,60493,48840,49778,52991,63633,52155,51885,54567,64279,52166,51428,53873,64018,50566,50177,50498,55863,44425,42327,43943,51953,43329,43312,45425,52728,43832,43855,46642,55235,46414,45138,47544,56328,47017,45903,48724,57615,46609,46724,49968,60082,47882,48666,51489,60000,48501,48421,51369,57943,47867,48902,50941,60023,49490,51005,52532,59817,48531,50393,52792,59487,46004,33055,51224,57299,53137,57856,58913,64191,54640,57898,58678,62091,55042,54448,55676
442,Furniture and home furnishings stores,11911,12773,13181,14471,12381,13475,14036,15564,12985,14525,15539,17367,14143,15209,16114,18004,15031,16392,17155,19129,16142,17485,18384,20704,17565,18573,19297,21977,18708,20018,21340,24228,21249,22256,23017,24648,21419,21982,22505,25578,22017,22863,23332,26226,21521,23205,24475,27535,23763,24546,26219,29229,24668,26033,27780,30639,26464,27212,28695,30424,26640,26990,27946,29568,24648,24750,24627,24695,20296,20504,21320,22629,20063,20563,21674,22905,20262,21021,22376,23927,21819,21933,23054,24736,22302,22786,24409,26247,22709,24263,25728,27832,24324,26033,27590,29904,26208,27129,28686,30244,26609,27837,29106,31757,27704,29313,30020,31843,27466,29641,30885,32347,26778,20778,32011,33458,32557,35293,35706,37030,33241,35733,35841,36446,33567,33222,33302
4421,Furniture stores,7459,7734,7877,8482,7713,8156,8333,9097,8008,8575,9066,9854,8571,8883,9391,10132,9114,9610,9832,10612,9715,10112,10498,11552,10601,10696,10936,11877,11083,11221,11831,12887,12332,12463,12746,13076,12332,12257,12427,13556,12657,12663,12568,13376,12143,12502,13074,14000,13338,13338,14157,15016,13866,14074,15098,15707,14752,14534,15473,15363,14949,14598,14953,14788,13956,13382,13155,12215,11607,11121,11569,11513,11608,11389,11894,11773,11751,11555,12185,12167,12662,12067,12643,12380,12465,12344,13171,13211,12697,13090,13886,14229,13670,14175,15130,15321,14603,14729,15442,15477,14882,14980,15525,15901,15152,15747,16173,16085,14766,16001,16840,16590,14785,11793,17766,17933,18863,20101,20003,20045,18787,20414,20399,20285,18933,18539,19294
4422,Home furnishings stores,4452,5039,5304,5989,4668,5319,5703,6467,4977,5950,6473,7513,5572,6326,6723,7872,5917,6782,7323,8517,6427,7373,7886,9152,6964,7877,8361,10100,7625,8797,9509,11341,8917,9793,10271,11572,9087,9725,10078,12022,9360,10200,10764,12850,9378,10703,11401,13535,10425,11208,12062,14213,10802,11959,12682,14932,11712,12678,13222,15061,11691,12392,12993,14780,10692,11368,11472,12480,8689,9383,9751,11116,8455,9174,9780,11132,8511,9466,10191,11760,9157,9866,10411,12356,9837,10442,11238,13036,10012,11173,11842,13603,10654,11858,12460,14583,11605,12400,13244,14767,11727,12857,13581,15856,12552,13566,13847,15758,12700,13640,14045,15757,11993,8985,14245,0,0,0,0,0,0,0,0,0,0,0,0
44221,Floor covering stores,2310,2705,2737,2845,2549,2876,2998,3037,2642,3185,3398,3540,3092,3423,3536,3653,3180,3678,3869,3912,3587,4047,4182,4234,3689,4245,4435,4592,4004,4654,4900,4851,4530,5003,5058,4928,4504,4919,4910,4875,4405,4878,4936,4806,4352,4891,5111,5189,4776,5180,5508,5443,4906,5582,5881,5756,5361,6025,6091,5677,5245,5668,5764,5394,4562,4975,4961,4266,3550,3925,4098,3729,3342,3717,3994,3520,3117,3683,4138,3820,3490,3954,4079,3960,3692,4168,4620,4413,3940,4670,4830,4583,4247,4974,5199,5104,4753,5375,5616,5217,2974,0,0,0,0,0,0,0,0,0,0,0,0,0,0,0,0,0,0,0,0,0,0,0,0,0,0
442299,All other home furnishings stores,0,0,0,0,0,0,0,0,0,0,0,0,0,0,0,0,0,0,0,0,0,0,0,0,0,0,0,0,0,0,0,0,0,0,0,0,4324,4550,4875,6798,4667,5024,5507,7699,4756,5490,5967,8000,5335,5673,6210,8361,5537,5968,6375,8699,5930,6167,6666,8961,6086,6277,6756,8944,5735,5992,6107,7862,4828,5157,5373,7110,4842,5173,5508,7345,5100,5526,5782,7672,5424,5644,6028,8099,5854,5964,6297,8313,5755,6140,6649,8698,6048,6513,6917,9129,6491,6626,7229,9167,6479,6829,7182,9386,6697,6774,7143,9431,6695,6982,7321,9311,6071,3555,7212,0,0,0,0,0,0,0,0,0,0,0,0
443,Electronics and appliance stores,10816,10886,11542,15447,11999,12331,13246,17556,13563,14223,15333,21251,16059,16142,17300,22878,17433,17426,18085,23116,17368,17551,18741,23997,18888,18639,20048,25156,19725,19680,21057,26901,21716,20642,21315,26749,20585,19455,20504,27949,21270,20657,21370,27911,20467,20388,22285,29710,22697,22291,23761,31264,24172,23745,25211,32994,25691,24673,25872,33855,25526,24438,25927,34450,25918,25427,25871,31168,24129,21823,22623,29324,23266,22749,23751,29823,23570,22834,24266,31308,24595,23205,24490,31592,24715,23117,24315,31368,23900,22461,24240,32250,23558,22633,23899,30096,22293,21292,22683,27699,21258,21065,21835,28266,21786,21692,22512,27974,21065,20752,21907,27140,19226,12277,19213,23841,20580,22563,23207,27161,21399,22165,22837,25645,21475,21226,22374
443141,Household appliance stores,1808,2051,2173,2405,1903,2231,2478,2525,1924,2208,2274,2639,2205,2437,2618,2720,2231,2513,2571,2900,2311,2552,2684,2827,2452,2759,2894,2994,2599,2981,3208,3294,2868,3189,3156,3417,2977,3244,3415,3843,3273,3563,3600,3769,3145,3448,3776,4095,3582,3834,3861,4331,3768,4162,4194,4668,4080,4337,4569,4759,4148,4416,4449,4786,4047,4353,4242,4346,3605,3727,3813,4144,3465,3954,3872,4165,3433,3769,4077,4528,3760,4015,4089,4551,3912,4198,4382,4699,3941,4181,4381,4692,3933,4372,4430,4548,3993,4333,4516,4667,4079,4248,4170,4309,3876,4317,4359,4384,3787,4278,4442,4403,3774,4245,5104,5106,4969,5408,5334,5266,4836,5251,5132,4997,4647,4805,4942
443142,Electronics stores,0,0,0,0,0,0,0,0,0,0,0,0,0,0,0,0,0,0,0,0,15057,14999,16057,21170,16436,15880,17154,22162,17126,16699,17849,23607,18848,17453,18159,23332,17608,16211,17089,24106,17997,17094,17770,24142,17322,16940,18509,25615,19115,18457,19900,26933,20404,19583,21017,28326,21611,20336,21303,29096,21378,20022,21478,29664,21871,21074,21629,26822,20524,18096,18810,25180,19801,18795,19879,25658,20137,19065,20189,26780,20835,19190,20401,27041,20803,18919,19933,26669,19959,18280,19859,27558,19625,18261,19469,25548,18300,16959,18167,23032,17179,16817,17665,23957,17910,17375,18153,23590,17278,16474,17465,22737,15452,8032,14109,18735,15611,17155,17873,21895,16563,16914,17705,20648,16828,16421,17432
444,Building mat. and garden equip. and supplies dealers,28595,36176,34186,32032,29228,38879,37142,35715,32244,43686,41725,39573,35500,45021,42907,41133,36821,48796,46925,44141,40123,53174,50385,47381,42666,56495,52586,50676,46168,60612,56822,54688,51507,64737,58561,54189,50350,70781,61033,57215,51697,73404,64252,59186,52947,75208,69923,65385,60885,85315,76876,72198,66318,92397,83102,78985,75810,97014,83995,77311,70021,93295,82015,75523,64756,89852,79098,68127,56167,78278,66828,60364,52508,78377,66059,63622,53969,79102,69757,66652,60636,81142,70414,69341,61055,89056,77575,71940,62582,93609,81256,76184,66141,94091,83891,80022,73068,98275,85767,80700,74088,100311,89346,85620,76882,105119,94770,90120,80715,104949,95972,90739,84622,119013,111779,105605,103477,138681,120481,118307,112624,145676,132492,123686,111926,141244,126788
4441,Building mat. and supplies dealers,23922,29239,29536,27618,25086,31998,32296,31046,27562,35995,36711,34831,30675,37391,37253,35709,31555,40199,40609,38090,34070,43742,43707,40549,36179,46216,46114,43692,39684,50359,50154,47719,44422,54117,51726,47384,43875,57460,54418,51267,46288,60312,57326,53258,47321,61806,62665,59179,54663,71684,69446,65407,60164,78606,75741,72093,69509,83381,76473,70019,62988,79799,73960,67100,57646,75479,70143,59814,49450,64829,59749,53446,46497,65294,58568,55353,47435,65635,62049,57530,52818,67223,62231,59904,53150,73589,68299,62736,54734,76727,72281,66510,58391,78126,74399,70529,64021,82448,76707,71889,65410,84542,79542,75977,67636,90569,84559,79137,70443,90798,85431,79626,74127,101275,99037,92705,89198,118501,106039,103267,98202,124602,116129,106825,96553,118841,110354
44412,Paint and wallpaper stores,0,0,0,0,0,0,0,0,0,0,0,0,0,0,0,0,0,0,0,0,0,0,0,0,0,0,0,0,0,0,0,0,0,0,0,0,1840,2382,2377,1990,1750,2206,2283,1857,1739,2277,2425,2037,1908,2452,2424,2096,2000,2726,2699,2417,2355,2814,2800,2363,2235,2809,2822,2300,2087,2600,2703,2025,1774,2207,2263,1712,1620,2221,2294,1837,1728,2265,2454,1976,1959,2474,2619,2082,2021,2602,2681,2115,2042,2831,2987,2373,2216,2921,3020,2448,2362,3011,3060,2541,2495,3131,3183,2727,2623,3343,3379,2863,2752,3298,3630,2964,3027,3433,3925,3361,3287,4116,3997,3543,3552,4463,4615,3951,3897,4793,4716
44413,Hardware stores,2618,3470,3276,3306,2667,3582,3352,3399,2867,3786,3533,3592,2774,3829,3551,3564,2915,3914,3499,3579,2892,3824,3662,3574,2976,4164,3951,3874,3309,4347,3966,3964,3416,4565,4193,4005,3436,4662,4213,4228,3540,4819,4344,4259,3633,4909,4658,4474,3756,5173,4795,4576,3865,5272,4803,4941,4176,5636,5076,5095,4541,5834,5050,5084,4282,5812,5054,4924,4061,5440,4563,4603,4011,5269,4571,4855,4060,5698,5164,5119,4483,6059,4980,5225,4536,5847,5344,5496,5094,6170,5830,5897,5370,6495,5934,5903,5623,6633,6103,6062,5598,7041,6605,6647,6083,7596,6858,6845,6239,7798,7312,7286,6605,10152,9178,8581,7827,10037,8967,9002,8111,10553,9819,9834,8694,11101,10240
445,Food and beverage stores,87841,92674,94033,95965,88620,94063,94866,96967,90685,95960,97761,99934,92532,98030,98976,100848,95571,99992,101481,104029,98159,101729,103626,105859,97493,103999,105815,109218,101977,107967,109820,113935,104156,111417,112696,116495,109238,115921,116686,120584,112362,115734,116759,120001,112904,118479,120142,122860,116766,122222,123399,127993,120580,126326,128489,133089,123350,131357,132831,137694,129796,136744,137805,143492,136920,142125,144219,146012,135436,142546,142997,147439,139470,144518,145567,150975,143742,153069,154022,158304,151233,157499,157433,162040,154501,158906,161392,166693,158500,167440,169221,175267,165611,171789,172990,176914,169113,173988,175915,183029,172595,182319,183307,190622,180418,186618,188149,194614,183939,194077,196013,200351,205133,215336,212631,216850,206756,219831,225801,236757,223809,239780,243242,254671,235226,245993,247938
4451,Grocery stores,80764,84510,85599,86497,81230,85784,86559,87745,83325,87652,89238,90308,85099,89703,90466,91141,87608,91178,92619,94142,90032,92792,94406,95340,89127,94497,96292,98272,93380,98243,100136,102491,95067,100969,102066,104413,99580,104968,105716,107863,102420,104601,105520,107272,103089,107123,108449,109326,106068,109971,111137,113960,109672,113869,115760,118366,111822,118179,119463,122235,117614,122730,123706,127310,124369,127814,129445,129594,122776,127962,128372,130923,126480,129720,130632,133918,130579,137787,138496,140614,137044,141391,141567,143643,139867,142822,144860,147924,143646,150352,151993,155502,150030,154190,155089,156768,152794,155911,157260,161895,156186,163590,164384,169018,163012,167399,168614,172258,166396,174227,175762,177561,186200,193106,189234,190874,185340,195517,201774,209680,202398,215643,218734,226995,213319,221092,222844
44511,Supermarkets and other grocery (except convenience) stores,0,0,0,0,0,0,0,0,0,0,0,0,0,0,0,0,0,0,0,0,0,0,0,0,0,0,0,0,0,0,0,0,0,0,0,0,94654,99382,99931,102571,97261,98777,99582,101652,97852,101669,102717,104036,100908,104254,105213,108430,104525,108264,109839,112895,106602,112115,113295,116680,112293,116738,117688,121645,118899,121825,123342,124474,117967,122623,122893,125545,121127,123956,124665,128258,125089,131380,132079,134823,131090,135016,135227,137847,134176,136348,138038,141424,137854,143605,144927,149289,144309,147482,148250,150674,146685,148976,149953,155332,149847,156317,156982,161826,155877,159243,160475,164640,159294,165851,167155,169542,178830,185850,181138,183151,177453,186459,192199,200242,193271,204964,208288,217160,204242,211143,212728
4453,"Beer, wine, and liquor stores",4647,5272,5544,6224,4821,5301,5434,5982,4767,5444,5662,6228,4781,5369,5592,6265,5168,5713,5877,6399,5180,5879,6069,6953,5508,6162,6358,7354,5660,6454,6605,7757,6086,6902,7243,8276,6488,7227,7317,8589,6589,7355,7460,8490,6440,7342,7732,8955,6910,7881,8107,9291,7065,8132,8499,9871,7696,8863,9138,10319,8177,9493,9671,10787,8470,9696,10140,11198,8718,9904,10217,11406,9008,10215,10476,11702,9121,10385,10833,12053,9747,11011,10988,12619,9955,11150,11634,12885,10183,11696,12028,13442,10628,12072,12484,13899,11038,12520,13151,14576,11266,13018,13393,14945,12005,13572,13863,15603,12292,13991,14471,16068,13702,16500,17368,18775,15627,17639,17349,19286,15420,17409,17710,19793,15809,17983,18055
446,Health and personal care stores,21821,22406,21661,23817,22029,23044,22610,24911,22791,23777,23797,25998,24200,25380,24804,27251,25875,27088,26872,29722,28290,29175,29232,31975,30391,31990,31976,35226,33789,35185,34755,38970,37068,38477,38145,41544,40172,41355,40527,44479,43502,44684,44376,47421,46156,47410,47724,51136,49155,49458,48669,52008,51360,51947,51741,55037,54134,55255,54919,59028,58253,58982,58393,61536,61011,61003,60676,63883,62066,63109,62038,65581,63313,64272,64240,68610,67125,67393,67019,70075,69191,67993,66488,70328,68511,68376,68981,73584,70590,72866,73200,77710,74967,75139,76122,81350,79093,79541,78879,80975,77903,80030,80130,85803,81943,83908,83301,88928,84114,85515,84202,89532,89146,81955,90116,95110,91240,96445,96862,102453,95721,98828,99864,104953,103070,107216,107476
44611,Pharmacies and drug stores,19062,19406,18590,20733,19004,19768,19265,21670,19635,20080,19972,22307,20578,21262,20687,23313,21834,22444,22321,25211,23834,24153,23992,26844,25422,26608,26511,29874,28820,29907,29429,33126,31021,32248,32052,35536,34186,35091,34566,37929,37225,38073,37821,40817,39936,40766,40857,43965,41912,41936,41162,44221,43837,44370,44129,46834,46112,47216,47001,50689,50065,50308,49500,52411,52369,52052,51789,54647,53270,54316,53331,56343,54259,55007,54622,58342,57314,57530,56867,59538,58400,57177,55574,58800,57478,57099,57647,61340,59447,61182,61194,64670,62748,62947,63688,67745,66390,66673,65549,66508,64969,66976,66377,70732,68382,69356,68963,73156,70261,71274,69835,73339,75415,73223,76483,79534,76990,80957,81388,85276,80495,82462,83315,86358,85599,89092,89696
447,Gasoline stations,35951,39319,40839,40215,37750,41465,41944,41217,38654,42716,45456,44396,41840,46782,47468,45023,44248,50409,50285,49483,47430,50729,52002,49539,44656,49197,49971,47903,45683,53032,56957,56852,56806,63224,66070,63716,59821,68755,66104,56703,54041,65000,67490,64088,65928,68923,72359,67977,70929,83188,85366,84523,79928,93562,106352,99081,93940,114144,116466,97426,96287,118536,118758,118241,118532,142260,145978,96869,80611,98340,107667,104616,103267,115673,114765,114644,119036,141612,141963,130846,132021,143345,144054,135999,131716,144485,145442,132065,129714,146727,145571,124944,103018,123041,123700,105835,93563,114072,116369,111913,109244,121272,123531,122105,117898,136576,139142,126902,113539,135934,134765,126616,110440,94778,114019,107621,117021,141616,153393,154056,158249,207811,198869,173716,152490,166674,176058
448,Clothing and clothing access. stores,22937,28141,29189,39836,23792,29565,30435,40957,25103,29771,31109,43100,25294,31089,31758,43192,27024,32529,32959,44069,27869,32290,34137,45997,29162,35515,35818,48656,31489,37833,38552,51877,33458,39812,40485,53919,34577,40084,39522,53104,36051,40555,40431,55267,35918,41917,42943,57916,39894,44674,44479,61206,41651,47256,46875,65187,43753,50456,50874,68106,47049,52859,52498,68799,47819,53194,52292,62278,43634,49035,49293,62513,45422,50907,50997,65960,47886,55201,55199,70320,52451,57270,57407,72365,53158,58957,58895,73940,52858,60961,60575,76494,54648,62370,62248,77317,56168,62343,63038,79135,55296,63755,63477,78868,56285,65277,64416,80438,56147,65647,65114,81665,46770,27535,54373,71498,54644,72945,72097,90966,63316,76710,74582,93315,65305,76066,76448
4481,Clothing stores,16035,19984,20915,28436,17072,20965,21384,28706,17652,20908,21777,29824,17747,21356,22090,29515,18564,22203,22799,30146,19327,22470,24139,31786,20326,24833,25379,33590,22103,26698,27446,35434,23436,28072,28895,37694,24523,28642,28532,37511,25617,28929,29281,39007,25810,30367,31357,40827,28708,32368,32755,43458,30177,34525,34557,46316,31461,36877,37490,48718,34429,38986,38838,49369,34793,39052,38457,45400,32394,36607,36774,45595,33595,38187,38163,48331,35247,40778,40735,51335,38509,42631,42588,52403,38916,43391,43418,53315,38091,44762,44537,55848,39727,45923,45806,55899,40726,45841,46390,57276,40352,47106,46427,57223,41001,47966,47277,58497,40684,48331,47279,59375,33226,18158,37549,48539,37282,50870,50752,62112,43771,54202,52688,65925,46848,55023,55597
44811,Men's clothing stores,2090,2525,2253,3311,2019,2397,2199,3347,2082,2384,2227,3339,1942,2187,2061,3125,1998,2251,2165,3132,2076,2318,2344,3331,2095,2497,2355,3249,2002,2406,2226,3033,1953,2279,2259,3016,1889,2087,1979,2670,1731,1947,1891,2543,1638,1967,1968,2676,1770,2006,1993,2797,1850,2089,2020,2778,1787,2090,2057,2910,1904,2189,1921,2758,1876,2182,1912,2381,1562,1926,1705,2160,1515,1855,1624,2291,1583,2028,1779,2470,1693,2139,1919,2521,1855,2178,2067,2754,1988,2384,2133,2756,2018,2423,2214,2759,2062,2438,2182,2682,2071,2512,2162,2551,2001,2491,2143,2624,1965,2470,2163,2731,1621,603,1305,663,1349,695,0,0,0,0,0,0,0,0,0
44812,Women's clothing stores,6267,7841,7590,10117,6570,8187,7787,9806,6316,7557,7204,9508,5926,7330,6868,8572,5592,7273,6701,8672,5865,6855,6702,8400,5683,7273,6793,8583,6135,7708,7063,8643,6343,8080,7680,9344,6771,8055,7366,9261,6925,7913,7171,9237,6765,8073,7674,10053,7584,8805,8013,10552,7896,9386,8575,11218,8230,9902,9047,11630,8832,10703,9152,11607,8674,10191,9180,10357,7662,9438,8597,10358,8077,9637,8868,11108,8547,10375,9388,11738,9420,10659,9717,11998,9188,10497,9917,12025,8775,10475,9799,12207,8751,10316,9629,11896,8959,10234,9553,11477,8426,10203,9252,11331,8401,10347,9407,11743,8209,9958,9018,11177,6668,3726,7690,9338,7676,10374,10090,11801,9090,10881,9980,11887,8657,10150,9717
44814,Family clothing stores,5665,7366,8386,11729,6349,7952,8636,12360,6997,8463,9349,13294,7361,8978,9814,13846,8083,9605,10376,14195,8425,10087,11348,15383,9207,11505,12381,17061,10416,12709,13791,18402,11359,13629,14292,19633,11767,14169,14509,19705,12497,14657,15574,21561,12910,15668,16688,22228,14479,16616,17460,23889,15426,17902,18496,25468,15910,19072,20075,26655,17590,20015,20649,26338,17426,19814,20585,24974,17045,18762,19838,25279,17439,19934,20610,26525,18090,20846,21685,27651,19627,21852,22758,28394,19956,22774,23291,29265,19733,23680,24101,30440,20592,24405,24971,31014,21348,24621,25552,31828,20970,25473,25907,32862,22411,26329,26871,33510,22697,27283,27505,34799,18350,10325,21583,28567,20697,29170,29451,36982,23813,30390,30533,39643,26011,31458,32698
44819,Other clothing stores,0,0,0,0,0,0,0,0,0,0,0,0,0,0,0,0,0,0,0,0,0,0,0,0,0,0,0,0,0,0,0,0,0,0,0,0,1921,2056,2035,2876,2079,2083,1937,2667,2122,2175,2239,2687,2279,2343,2421,2940,2310,2351,2348,3135,2512,2582,2657,3291,2709,2524,2930,3840,2882,2990,2635,3257,2716,2835,2585,3220,2755,2913,2673,3363,2910,3082,2916,3763,3342,3496,3218,3885,3529,3652,3494,3862,3621,3749,3593,4602,4004,4106,4153,4670,4101,4135,4327,5310,4534,4353,4320,4615,3928,4250,4532,5187,3897,4195,4197,5161,3326,1732,3367,3969,3830,4584,4456,4826,4217,4543,4468,4841,4951,4977,5109
4482,Shoe stores,3934,4733,4865,5084,3773,4849,5098,5308,4134,4889,5315,5569,4021,5315,5434,5571,4416,5510,5642,5667,4610,5321,5675,5844,4652,5684,5846,6056,4860,5827,6005,5998,4884,5845,6067,6079,4810,5932,6054,6088,5191,5868,6003,6139,4929,5781,6138,6319,5240,5958,6026,6461,5450,6171,6450,7192,5776,6575,6922,7409,5992,6552,6946,7321,6126,6748,7076,7025,5683,6160,6737,7066,6092,6465,7079,7597,6343,6987,7689,8241,7115,7314,8155,8455,7170,7796,8658,9136,7520,8211,8942,9291,7746,8361,9376,9830,8342,8648,9768,10162,8061,8766,9653,9852,8015,8917,9850,10417,8436,9069,9969,10159,6770,4971,8467,9434,8145,10263,10166,10576,7991,9595,10482,10944,8190,9407,10590
44831,Jewelry stores,2729,3234,3160,5922,2682,3491,3707,6549,3128,3763,3759,7202,3249,4162,3947,7649,3770,4499,4155,7745,3609,4173,3995,7852,3840,4609,4222,8600,4197,4943,4711,9840,4723,5457,5083,9558,4851,5128,4569,9013,4883,5374,4767,9614,4842,5385,5058,10208,5575,5946,5324,10778,5667,6153,5477,11124,6128,6566,6038,11371,6219,6858,6255,11488,6480,6918,6296,9299,5203,5828,5344,9323,5372,5841,5311,9385,5823,6911,6243,10073,6337,6772,6102,10651,6493,7114,6178,10679,6675,7394,6556,10614,6654,7507,6526,10815,6557,7254,6324,10893,6285,7159,6682,10862,6690,7769,6754,10820,6471,7558,7223,11250,6163,4173,7723,12635,5245,0,0,0,0,0,0,0,0,0,0
451,"Sporting goods, hobby, musical instrument, and book stores",8869,9565,10219,14313,9200,10113,10931,15329,10333,11077,12215,16520,11087,11925,12836,17185,11763,12424,13489,18395,12108,13005,13794,18785,12731,13792,14542,19376,13598,14521,15342,20611,14347,15521,16599,21125,14665,15311,16570,22037,15091,15367,16753,22001,14857,15549,17632,22321,16136,16068,18140,22823,16301,16693,18607,23627,17490,17689,19560,23795,17464,18419,20434,24592,18134,18736,20518,23173,17217,17805,19737,22919,17275,17781,19586,23585,17435,18216,19996,23000,18105,18928,20185,23941,18743,18832,20470,24707,17548,19022,21245,25776,18205,19597,21547,26122,19167,20390,21411,25341,18401,19635,20870,24990,18523,19690,19540,22342,17004,19159,20257,23103,16508,17867,23352,26427,22073,25369,25513,29538,21502,24982,26289,30024,22311,24979,26013
45111,Sporting goods stores,3286,3894,3923,4480,3229,4211,4301,5050,3849,4779,4791,5406,4071,5001,5120,5677,4285,5370,5419,5736,4277,5484,5388,6018,4542,5878,5714,6150,4781,6096,6052,6770,5337,6497,6501,6973,5554,6608,6565,7431,5669,6574,6559,7417,5629,6642,6916,7813,6076,7040,7367,8157,6340,7687,7778,8908,7046,8501,8709,9613,7340,9204,9255,10005,7725,9668,9576,9808,7683,9368,9406,10117,7794,9492,9509,10612,8136,9920,9968,10971,8835,10588,10681,12038,9916,11038,11207,12425,9075,11129,11741,13168,9470,11647,12246,13568,10419,12371,12216,13125,9793,11580,11711,12881,9620,11415,11073,11909,9230,11516,11746,12503,9372,12621,15007,15733,13732,16929,16031,17809,13179,16455,16498,17613,13381,16427,16582
45112,"Hobby, toy, and game stores",1848,2087,1969,5347,1857,2142,2098,5554,2074,2282,2385,6109,2171,2561,2543,6439,2332,2380,2621,7169,2553,2783,2892,6793,2728,3024,3072,7009,3034,3238,3295,7084,3001,3306,3431,7209,3027,3208,3209,7376,3048,3157,3238,7466,2961,3291,3276,7054,3132,3080,3153,6949,3103,3208,3124,6820,3202,3182,3199,6437,3110,3210,3288,6736,3308,3259,3230,6310,3145,3182,3140,6063,3124,3131,3203,6347,3203,3334,3314,6268,3534,3472,3407,6207,3374,3322,3446,6789,3330,3471,3634,7023,3613,3615,3672,7185,3813,3707,3812,7117,3715,3701,3785,6946,4132,4045,3314,5334,3433,3500,3634,5684,3217,2871,4412,6452,4603,4629,4779,6886,4434,4652,5042,7451,4573,4477,4829
451211,Book stores,1864,1664,2347,2452,2168,1813,2493,2634,2322,2018,2854,2913,2721,2281,3132,3062,2873,2441,3185,3406,3196,2575,3289,3682,3266,2712,3512,3792,3480,2940,3649,4103,3626,3201,4048,4004,3717,3081,4231,4069,3979,3127,4325,4006,3972,3263,4839,4145,4327,3343,4853,4358,4263,3271,4986,4472,4418,3401,4831,4328,4286,3225,5125,4535,4483,3235,5017,4066,4104,3006,4856,3836,4046,2893,4537,3762,3791,2635,4342,2948,3293,2468,3718,2790,3104,2202,3366,2774,2874,2155,3445,2771,2813,2071,3275,2723,2750,2056,3145,2634,2741,2172,3000,2416,2493,1947,2682,2422,2173,1928,2544,2314,1935,803,1727,1720,1662,1646,2425,2284,1851,1758,2449,2289,2072,1814,2193
452,General merchandise stores,48995,57721,57793,83367,51482,62395,63144,88975,56429,66480,67438,94843,59651,71397,71932,97518,63326,75058,74947,101974,68405,78261,78891,105806,71619,84408,83086,111968,78972,90425,90148,120634,84291,96654,95943,127340,89390,102562,101519,133997,96884,107887,105352,136397,100046,112190,112709,143826,108572,119189,117477,152144,114601,126873,125693,161218,121476,134401,131720,166659,128297,140015,138176,172094,134444,146396,142751,171450,133080,143755,140123,171960,137251,146512,143604,176390,139801,152821,150164,181980,148397,155977,153739,184200,149912,158486,157556,187734,150882,164481,162420,193066,154455,165507,164975,195562,157749,166348,164878,194227,155441,169035,168687,198728,160515,172191,172376,201571,161298,176766,175453,202007,168491,178319,180077,202000,177020,199200,196959,224525,186960,214123,212472,238825,197173,217702,218078
4521,Department stores,34474,41101,41207,60307,35875,43700,44287,63823,39022,46027,46710,67186,40311,48465,48953,68191,41875,50066,49792,70470,44624,51557,51535,72392,45143,53359,51737,73051,47570,54594,53442,74698,48008,55316,53364,75787,47602,54345,52784,73646,47554,52944,50587,69658,44698,50584,50236,68952,45650,50446,49642,69953,45762,50763,49028,69713,45323,50522,48803,68507,45094,49322,48190,66786,43270,47470,45435,62061,39578,44157,43015,59833,39749,43378,42184,59444,38930,43716,42174,58541,39047,41599,40978,55689,37282,39927,39273,54078,35539,40187,39112,53940,35283,38655,38427,52709,33785,36224,36053,48138,31112,34939,34349,46254,30275,33729,33434,44640,28391,32228,32202,41834,25516,23446,28167,35206,27079,32194,32799,41418,28690,33225,33319,41203,29380,31896,32236
452111,Department stores(excl. discount department stores),16427,19216,19631,29879,16402,19446,20010,30467,17286,19950,20747,31419,17141,20130,21075,30954,17575,20840,21367,32390,18551,21163,21650,32621,18526,21751,21508,32523,19245,22214,22009,33184,19412,22211,21699,32960,18924,21077,20238,30543,17955,20109,19286,29507,16889,19782,19487,28988,17419,19251,18896,28900,17477,19788,18724,28762,16971,18689,17848,26789,16136,18007,17239,25505,15320,16952,15729,23148,12956,14865,14159,21360,13178,15144,14404,22175,13436,15569,14652,22081,13285,14741,14052,20883,12600,13993,13106,20330,12027,14006,13022,20364,11626,13437,12539,19697,11122,12431,11732,17626,10066,11494,10638,16237,9344,10821,9881,14525,8103,9418,8856,13171,5896,2571,5088,7739,5101,7604,7380,11135,6419,8089,7322,10893,6354,7302,6666
452112,Discount dept. stores,18047,21885,21576,30428,19473,24254,24277,33356,21736,26077,25963,35767,23170,28335,27878,37237,24300,29226,28425,38080,26073,30394,29885,39771,26617,31608,30229,40528,28325,32380,31433,41514,28596,33105,31665,42827,28678,33268,32546,43103,29599,32835,31301,40151,27809,30802,30749,39964,28231,31195,30746,41053,28285,30975,30304,40951,28352,31833,30955,41718,28958,31315,30951,41281,27950,30518,29706,38913,26622,29292,28856,38473,26571,28234,27780,37269,25494,28147,27522,36460,25762,26858,26926,34806,24682,25934,26167,33748,23512,26181,26090,33576,23657,25218,25888,33012,22663,23793,24321,30512,21046,23445,23711,30017,20931,22908,23553,30115,20288,22810,23346,28663,19620,20875,23079,27467,21978,24590,25419,30283,22271,25136,25997,30310,23026,24594,25570
4529,Other general merchandise stores,14521,16620,16586,23060,15607,18695,18857,25152,17407,20453,20728,27657,19340,22932,22979,29327,21451,24992,25155,31504,23781,26704,27356,33414,26476,31049,31349,38917,31402,35831,36706,45936,36283,41338,42579,51553,41788,48217,48735,60351,49330,54943,54765,66739,55348,61606,62473,74874,62922,68743,67835,82191,68839,76110,76665,91505,76153,83879,82917,98152,83203,90693,89986,105308,91174,98926,97316,109389,93502,99598,97108,112127,97502,103134,101420,116946,100871,109105,107990,123439,109350,114378,112761,128511,112630,118559,118283,133656,115343,124294,123308,139126,119172,126852,126548,142853,123964,130124,128825,146089,124329,134096,134338,152474,130240,138462,138942,156931,132907,144538,143251,160173,142975,154873,151910,166794,149941,167006,164160,183107,158270,180898,179153,197622,167793,185806,185842
45291,Warehouse clubs and superstores,8032,9348,9463,13182,9023,10893,11233,15479,11353,13567,14057,18779,13291,15737,15925,20148,15105,17626,17965,22383,17373,19653,20212,24681,20332,23927,24368,29866,24829,28346,29297,36337,29394,33569,34803,41848,34504,39722,40697,49793,41847,46576,46690,56139,47508,52302,53382,63094,54212,59157,58786,70175,60023,66062,66972,78863,66787,73353,72795,85021,73563,79829,79626,91945,80974,87571,86477,96204,83179,87757,85780,97813,86281,90455,89295,101962,88824,95345,94931,107243,95845,99938,98980,111546,98668,103198,103353,115926,100852,108004,107554,120573,103883,110041,110140,123358,107598,112515,111607,125962,107479,115364,116098,131239,112551,119180,119988,134349,114660,124126,123726,137558,123024,131114,129495,141654,128812,142564,141695,156509,137138,155486,155097,169490,144443,159029,160186
45299,All other gen. merchandise stores,6489,7272,7123,9878,6584,7802,7624,9673,6054,6886,6671,8878,6049,7195,7054,9179,6346,7366,7190,9121,6408,7051,7144,8733,6144,7122,6981,9051,6573,7485,7409,9599,6889,7769,7776,9705,7284,8495,8038,10558,7483,8367,8075,10600,7840,9304,9091,11780,8710,9586,9049,12016,8816,10048,9693,12642,9366,10526,10122,13131,9640,10864,10360,13363,10200,11355,10839,13185,10323,11841,11328,14314,11221,12679,12125,14984,12047,13760,13059,16196,13505,14440,13781,16965,13962,15361,14930,17730,14491,16290,15754,18553,15289,16811,16408,19495,16366,17609,17218,20127,16850,18732,18240,21235,17689,19282,18954,22582,18247,20412,19525,22615,19951,23759,22415,25140,21129,24442,22465,26598,21132,25412,24056,28132,23350,26777,25656
453,Miscellaneous store retailers,11299,13266,13446,16829,12957,15321,15452,17815,14178,17077,18233,19969,16114,19121,19428,21314,17262,21070,21055,23432,20219,21964,22752,25297,21952,23876,24734,27807,23706,25280,25266,29966,25867,26189,25934,28729,24303,25633,25241,27910,23661,25370,25712,28040,23290,25185,25403,28035,23970,25875,25549,28783,24482,26619,26737,29441,26309,28515,27875,30995,26625,29799,29190,30804,26601,28334,28052,27701,23646,26011,25256,26832,23064,26525,26322,28323,24278,27653,27991,28479,25541,27747,27628,29102,25150,28496,28474,29966,25183,29230,29636,31211,26275,30642,30416,31101,26725,31200,30685,32171,27380,31407,31210,33185,29072,33528,31971,34050,28252,34212,33699,35664,29724,27729,34398,36398,33158,40511,41746,44088,39316,47553,46600,45831,41464,48793,46536
4532,"Office supplies, stationery, and gift stores",4329,4665,5148,7274,4903,5512,5782,7679,5626,6116,6771,8630,6108,6516,7220,9483,6481,6792,7662,9954,7848,7425,8039,10355,8346,8125,9064,11585,9336,8780,9386,12504,9995,9352,9905,12401,9411,8921,9393,11660,9088,8649,9547,11741,8814,8800,9585,11505,9272,8847,9678,11522,9042,9017,10015,11701,9416,9079,10324,12471,9699,9405,10423,11718,9281,8895,9734,10177,8142,8042,8748,9546,7861,7868,8673,9908,7835,7968,8646,9634,7984,7780,8290,9400,7452,7677,8778,9186,7324,7395,8645,9318,7156,7383,8282,9141,6875,7303,8119,8818,6552,7035,7827,8647,6496,7030,8041,8660,6188,7149,7878,8335,5679,3801,6770,7620,5762,6957,8181,8605,6054,7404,8727,9116,6527,7319,8213
45321,Office supplies and stationery stores,2159,2078,2381,2566,2532,2553,2868,3174,3182,3020,3433,3600,3624,3379,3898,3923,3852,3471,4006,4263,4528,3870,4410,4526,4830,4225,5053,5414,5645,4831,5448,5676,6104,5205,5758,5681,5633,4576,5307,5369,5498,4586,5321,5556,5396,4652,5510,5459,5718,4780,5605,5582,5723,5006,5751,5682,5962,4984,5930,5912,6058,5124,6153,5869,5711,4820,5747,4994,5131,4275,5117,4874,4916,4284,4989,4585,4670,4038,4902,4507,4642,3886,4580,4293,4275,3711,4494,4072,4092,3523,4298,3757,3801,3275,3991,3429,3456,3042,3691,3099,3219,2780,3392,2870,2890,2512,3207,2697,2721,2417,3040,2521,2668,2120,2992,2486,2602,2414,2903,2416,2475,2400,2843,2452,2565,2308,2666
45322,"Gift, novelty, and souvenir stores",2170,2587,2767,4708,2371,2959,2914,4505,2444,3096,3338,5030,2484,3137,3322,5560,2629,3321,3656,5691,3320,3555,3629,5829,3516,3900,4011,6171,3691,3949,3938,6828,3891,4147,4147,6720,3778,4345,4086,6291,3590,4063,4226,6185,3418,4148,4075,6046,3554,4067,4073,5940,3319,4011,4264,6019,3454,4095,4394,6559,3641,4281,4270,5849,3570,4075,3987,5183,3011,3767,3631,4672,2945,3584,3684,5323,3165,3930,3744,5127,3342,3894,3710,5107,3177,3966,4284,5114,3232,3872,4347,5561,3355,4108,4291,5712,3419,4261,4428,5719,3333,4255,4435,5777,3606,4518,4834,5963,3467,4732,4838,5814,3011,1681,3778,5134,3160,4543,5278,6189,3579,5004,5884,6664,3962,5011,5547
45330,Used merchandise stores,1192,1347,1498,1530,1248,1568,1644,1676,1412,1359,1591,1763,1434,1622,1755,1806,1540,1960,1790,1966,1928,1701,2032,2397,2068,2036,2314,2605,2204,2214,2255,2704,2406,2392,2469,2565,2348,2300,2370,2509,2475,2296,2336,2393,2379,2159,2244,2432,2191,2207,2323,2550,2269,2207,2253,2591,2540,2601,2473,2799,2714,2640,2616,2960,2697,2866,2819,2860,2670,2647,2691,2864,2701,2844,2924,3331,3153,3133,3334,3628,3623,3538,3681,3886,3588,3707,3919,3961,3549,3928,4143,4055,3665,3966,4327,4220,3714,3946,4194,4350,3903,4031,4257,4548,4240,4372,4220,4402,4206,4416,4658,5078,4253,2760,4501,4952,4867,5584,5692,6149,5702,6205,6297,6250,6439,6553,6274
454,Nonstore retailers,19216,17586,17998,23701,20824,19007,19113,26867,23705,21580,21757,29238,25105,22851,23003,32557,28740,26181,25908,36932,30952,29155,28877,37206,31766,30708,31192,40238,35357,34791,35705,45944,43316,40731,41846,54560,47502,41837,40649,50575,45914,43890,43893,55582,51228,46512,48009,60610,56646,51318,53253,67760,61622,57896,59806,76255,70362,65751,66142,82088,75517,71022,71809,90419,79893,76702,75985,86572,75017,71173,72936,92026,81876,78755,79573,100753,90870,86671,87065,111738,97769,94126,94911,121365,104289,99079,99310,127310,109903,107095,108537,138659,117615,115654,116944,148162,124796,127950,128418,163409,138523,142584,142750,184337,156627,160528,160183,199497,167156,177617,181061,226680,192610,239922,247806,300295,257904,274506,267012,331453,295238,307650,309487,362829,317644,331877,334356
4541,Electronic shopping and mail-order houses,7461,7591,8270,11888,9095,8420,8796,14366,10571,10379,10506,15581,11401,11303,12005,17971,13478,13379,13903,20346,15213,15999,16443,22412,17777,18184,18882,25454,20477,21275,22511,30019,25586,25966,26968,35270,27386,27020,26698,33645,28507,28366,29001,36340,30625,30922,32405,40352,35870,35576,36607,46104,39680,40625,42335,53260,47388,46890,47715,60258,51698,52191,53346,66446,54034,55425,55265,64518,53415,54305,56430,71475,59613,61433,62804,79638,66702,68197,69532,90266,74883,75850,77845,100077,80007,80621,81915,103633,82196,87812,90452,116463,92901,97468,100109,128533,103744,109631,111472,142710,115828,123563,124519,160729,130399,139071,140689,174655,141463,156270,160218,201284,167606,222197,226437,274869,230694,249956,244152,303169,263065,278988,281923,329601,284409,303405,306640
45431,Fuel dealers,5080,3520,3124,4941,5679,3457,3326,5104,6497,3516,3544,5143,6214,4050,3694,5862,7657,4380,3970,6556,7323,4423,4077,6118,6304,4009,3586,5026,6065,4020,3881,5946,8197,5038,5157,8300,10002,5118,4706,6267,7326,4623,4508,7524,10316,5157,5072,7869,10173,5420,5592,9160,11015,6251,6746,10299,11486,7249,7010,9735,12491,7023,6534,11388,14736,9363,8669,10807,11561,6175,5778,9945,12210,6552,6096,10666,14131,7622,7047,10669,11905,6890,6674,10466,13668,6859,6110,12018,17331,7410,6426,10499,14168,6052,5079,7551,9501,5189,4542,8356,10696,5671,5031,10035,13226,6854,5993,10520,12418,6599,5841,10101,10718,5278,4977,8260,11815,6630,6102,11019,15533,9981,8225,13535,14125,7670,6976
722,Food services and drinking places,48376,50956,51651,51882,49240,55124,56529,54574,51339,57611,58926,57124,53691,59848,60981,58492,56345,61640,62589,61671,59827,65658,67357,64522,62844,69313,69929,69108,65835,72413,72910,72742,72004,77713,78689,75855,74766,80784,81611,79477,78182,84579,85017,82747,80791,88924,91003,89008,88530,94401,95859,94767,92291,101204,102082,100886,99868,107079,108377,107462,104915,113315,114155,112166,109276,117313,117221,112455,109595,116415,114686,111309,110246,119599,119693,117382,116391,126861,127069,125029,126222,134126,132469,131344,130906,138595,136158,138076,135335,146774,146080,148938,148316,160337,157378,158909,157414,168083,165600,166658,165864,177394,174136,175255,172970,188001,187720,182790,178970,196866,198377,198315,179405,129619,174517,167729,174689,218934,227595,222387,217180,252751,253678,252309,253932,276710,279109
7224,Drinking places,3149,3064,2994,3074,2898,3130,3119,2994,2841,3017,2939,2965,2847,3093,3235,3277,3133,3213,3286,3317,3153,3331,3496,3399,3396,3457,3580,3524,3533,3650,3638,3709,3861,3873,3898,3698,3745,3775,4046,4118,3993,4120,4154,4063,4086,4333,4483,4357,4357,4399,4486,4363,4225,4498,4715,4615,4589,4881,5020,4843,4749,5007,5211,4921,4734,5093,5397,5006,4879,5143,5065,4879,4853,5028,5205,5114,4998,5225,5267,5078,5144,5436,5586,5255,5383,5322,5213,5314,5167,5379,5281,5369,5272,5500,5559,5687,5789,5952,6118,6190,6202,6392,6421,6521,4060,0,0,0,0,0,0,0,0,0,0,0,0,0,0,0,0,0,0,0,0,0,0
7225,Restaurants and other eating places,41145,43526,44342,44455,42452,47414,48790,47063,44450,49804,51165,49606,46779,51800,52938,50533,48880,53529,54404,53336,51970,57106,58458,55774,54478,60129,60683,59650,56934,62459,62946,62422,61769,66710,67497,65122,64399,69402,70449,68384,67685,73022,73641,71144,69895,77033,78562,76623,76845,81835,83237,81667,80414,87697,88357,86685,86608,92232,93370,92070,90633,97310,97832,95731,94462,100416,99846,96324,95080,100071,98414,95161,95650,103060,102736,100510,101191,109524,109905,107508,109663,115647,114628,113230,113993,120439,118553,118939,118199,128011,127528,129285,130119,140465,137436,138120,138440,146576,144151,144158,144927,155042,152421,151738,150745,164399,164514,158943,157302,172982,173394,170354,154243,119151,159439,152580,159538,199291,204399,199040,196200,226368,227357,223051,227156,246057,247660
722511,Full service restaurants,21069,21529,21728,21882,20802,23137,24010,23173,22351,24685,25315,24332,22997,25330,26105,24600,24064,26092,27099,26858,26827,28671,30022,28666,28108,30299,30678,30347,29336,31763,32169,31840,31937,33805,34427,33410,33195,35358,36305,35212,35447,37486,37798,36806,36237,39426,40560,39091,39805,41298,42330,41666,41378,44108,44521,44112,44214,46675,47418,47784,47491,49835,49344,48835,48470,50699,49735,48149,48326,49618,48557,47346,47807,51315,50235,49342,50731,54625,54710,53814,55696,57909,56807,56798,58028,60019,58595,60451,61792,64469,63606,66045,67843,70850,68377,70289,71205,73303,70785,72529,73927,77368,74475,75997,76106,81724,80637,78877,77463,84696,85093,85832,27800,0,0,0,0,0,0,0,0,0,0,0,0,0,0
"722513, 722514, 722515",Limited service eating places,20076,21997,22614,22573,21650,24277,24780,23890,22099,25119,25850,25274,23782,26470,26833,25933,24816,27437,27305,26478,25143,28435,28436,27108,26370,29830,30005,29303,27598,30696,30777,30582,29832,32905,33070,31712,31204,34044,34144,33172,32238,35536,35843,34338,33658,37607,38002,37532,37040,40537,40907,40001,39036,43589,43836,42573,42394,45557,45952,44286,43142,47475,48488,46896,45992,49717,50111,48175,46754,50453,49857,47815,47843,51745,52501,51168,50460,54899,55195,53694,53967,57738,57821,56432,55965,60420,59958,58488,56407,63542,63922,63240,62276,69615,69059,67831,67235,73273,73366,71629,71000,77674,77946,75741,74639,82675,83877,80066,79839,88286,88301,84522,78734,75851,89778,86604,87712,101969,103198,100528,99353,114767,116263,111948,113963,126171,126677
